[
  {
    "Name": "TORIBA (ANALIA FRANCO)",
    "Address": "RUA EUCLIDES PACHECO, 836 - VILA GOMES CARDIM",
    "City": "SAO PAULO",
    "State": "SP",
    "Zip": "03321-000",
    "Phone": "(11) 3990-4060",
    "Whatsapp": "551139904060"
  },
  {
    "Name": "TORIBA (RADIAL LESTE)",
    "Address": "AV ALCANTARA MACHADO, 3400 - BRAS",
    "City": "SAO PAULO",
    "State": "SP",
    "Zip": "03102-007",
    "Phone": "(11) 3990-4060",
    "Whatsapp": "551139904060"
  },
  {
    "Name": "TORIBA (ARICANDUVA)",
    "Address": "AV ARICANDUVA, 5555 - JARDIM SANTA TEREZINHA",
    "City": "SAO PAULO",
    "State": "SP",
    "Zip": "03537-904",
    "Phone": "(11) 3990-4060",
    "Whatsapp": "551139904060"
  },
  {
    "Name": "DAHRUJ (VILA GUILHERME)",
    "Address": "AV JOAQUINA RAMALHO, 429 - VILA GUILHERME",
    "City": "SAO PAULO",
    "State": "SP",
    "Zip": "02065-010",
    "Phone": "(11) 5128-8858",
    "Whatsapp": "551151288858"
  },
  {
    "Name": "ALTA (AV ABRAAO DE MORAIS)",
    "Address": "AV ABRAAO DE MORAIS, 900 - SAUDE",
    "City": "SAO PAULO",
    "State": "SP",
    "Zip": "04123-000",
    "Phone": "(11) 4765-0000",
    "Whatsapp": "5511989355687"
  },
  {
    "Name": "TORIBA (SANTO ANDRE)",
    "Address": "AV DOM PEDRO II, 2342 - CAMPESTRE",
    "City": "SANTO ANDRE",
    "State": "SP",
    "Zip": "09080-001",
    "Phone": "(11) 99470-8297",
    "Whatsapp": "5511994708297"
  },
  {
    "Name": "DAHRUJ (BRAZ LEME)",
    "Address": "AV BRAZ LEME, 455",
    "City": "SAO PAULO",
    "State": "SP",
    "Zip": "02511-000",
    "Phone": "(11) 95918-5078",
    "Whatsapp": "5511959185078"
  },
  {
    "Name": "ALTA (AV IBIRAPUERA)",
    "Address": "AV IBIRAPUERA, 2436 - INDIANOPOLIS",
    "City": "SAO PAULO",
    "State": "SP",
    "Zip": "04028-002",
    "Phone": "(11) 5239-5480",
    "Whatsapp": "5511989355687"
  },
  {
    "Name": "DAHRUJ (PERDIZES)",
    "Address": "AV SUMARE, 1246 - PERDIZES",
    "City": "SAO PAULO",
    "State": "SP",
    "Zip": "05016-110",
    "Phone": "(11) 5283-4030",
    "Whatsapp": "5508001142396"
  },
  {
    "Name": "CARRERA (EUROPA)",
    "Address": "AVENIDA EUROPA, 68 - JARDIM EUROPA",
    "City": "SAO PAULO",
    "State": "SP",
    "Zip": "01449-000",
    "Phone": "(11) 4003-7213",
    "Whatsapp": "551140037213"
  },
  {
    "Name": "CARRERA (SHOPPING ELDORADO)",
    "Address": "AV REBOUCAS, 3970 - PINHEIROS",
    "City": "SAO PAULO",
    "State": "SP",
    "Zip": "05402-600",
    "Phone": "(11) 4003-7213",
    "Whatsapp": "551140037213"
  },
  {
    "Name": "ALTA (SHOPPING MORUMBI)",
    "Address": "AV ROQUE PETRONI JUNIOR, 1089 - JARDIM DAS ACACIAS",
    "City": "SAO PAULO",
    "State": "SP",
    "Zip": "04707-900",
    "Phone": "(11) 4765-0000",
    "Whatsapp": "5511989355687"
  },
  {
    "Name": "ALTA (AV NACOES UNIDAS)",
    "Address": "AV DAS NACOES UNIDAS, 21883 - JURUBATUBA",
    "City": "SAO PAULO",
    "State": "SP",
    "Zip": "04696-005",
    "Phone": "(11) 3514-0237",
    "Whatsapp": "551135140237"
  },
  {
    "Name": "CARRERA (VILA LOBOS)",
    "Address": "RUA HENRI BOUCHARD, 77, ANEXO 3 - VILA HAMBURGUESA",
    "City": "SAO PAULO",
    "State": "SP",
    "Zip": "05319-070",
    "Phone": "(11) 4003-7213",
    "Whatsapp": "551140037213"
  },
  {
    "Name": "CARRERA (FRANCISCO MORATO)",
    "Address": "AV PROF FRANCISCO MORATO, 5825 - VILA SONIA",
    "City": "SAO PAULO",
    "State": "SP",
    "Zip": "05521-300",
    "Phone": "(11) 5554-2020",
    "Whatsapp": "551155542020"
  },
  {
    "Name": "CARRERA (ALPHAVILLE)",
    "Address": "ALAMEDA ARAGUAIA, 2081 - ALPHAVILLE INDUSTRIAL",
    "City": "BARUERI",
    "State": "SP",
    "Zip": "06455-000",
    "Phone": "(11) 4003-7213",
    "Whatsapp": "551140037213"
  },
  {
    "Name": "ORIGINAL (GUARULHOS)",
    "Address": "AV ANTONIO DE SOUZA, 736, SETOR 6 GREAT WALL - JARDIM STA FRANCISCA",
    "City": "GUARULHOS",
    "State": "SP",
    "Zip": "07013-090",
    "Phone": "(11) 5128-0465",
    "Whatsapp": "5511989355687"
  },
  {
    "Name": "ORIGINAL (MOGI DAS CRUZES)",
    "Address": "AV FERNANDO COSTA, 321, ANEXO GWM - CENTRO",
    "City": "MOGI DAS CRUZES",
    "State": "SP",
    "Zip": "08735-000",
    "Phone": "(12) 5242-6592",
    "Whatsapp": "5511989355687"
  },
  {
    "Name": "DAHRUJ (JUNDIAI)",
    "Address": "AV NOVE DE JULHO, 380 - VILA VIRGINIA",
    "City": "JUNDIAI",
    "State": "SP",
    "Zip": "13209-010",
    "Phone": "(11) 2923-2610",
    "Whatsapp": "5511930080080"
  },
  {
    "Name": "TORIBA (SANTOS)",
    "Address": "RUA BRAS CUBAS, 405 - VILA MATIAS",
    "City": "SANTOS",
    "State": "SP",
    "Zip": "11013-163",
    "Phone": "(13) 4042-0670",
    "Whatsapp": "5511991617979"
  },
  {
    "Name": "GERMANICA (OUTLET CATARINA)",
    "Address": "RUA RAFAEL DIAS COSTA, 140 - DONA CATARINA",
    "City": "SAO ROQUE",
    "State": "SP",
    "Zip": "18147-000",
    "Phone": "(19) 4042-6804",
    "Whatsapp": "551940426804"
  },
  {
    "Name": "ORIGINAL (S. J. CAMPOS)",
    "Address": "RUA CARLOS MARIA AURICCHIO, 246 - CONDOMINIO ROYAL PARK",
    "City": "SAO JOSE DOS CAMPOS",
    "State": "SP",
    "Zip": "12424-001",
    "Phone": "(12) 3197-0948",
    "Whatsapp": "5511989355687"
  },
  {
    "Name": "DAHRUJ (CAMPINAS)",
    "Address": "AV. OROSIMBO MAIA, 2653, SETOR A - CAMBUI",
    "City": "CAMPINAS",
    "State": "SP",
    "Zip": "13024-035",
    "Phone": "(11) 95918-5078",
    "Whatsapp": "5511959185078"
  },
  {
    "Name": "GERMANICA (SOROCABA)",
    "Address": "AVENIDA GISELE CONSTANTINO, 1850, LOJA 228B - PARQUE BELA VISTA",
    "City": "VOTORANTIM",
    "State": "SP",
    "Zip": "18110-650",
    "Phone": "(19) 4042-6804",
    "Whatsapp": "551940426804"
  },
  {
    "Name": "ORIGINAL (TAUBATE)",
    "Address": "AV ITALIA, 1100 - JARDIM DAS NACOES",
    "City": "TAUBATE",
    "State": "SP",
    "Zip": "12030-212",
    "Phone": "(12) 2018-0480",
    "Whatsapp": "5511989355687"
  },
  {
    "Name": "GERMANICA (LIMEIRA)",
    "Address": "AV. MAJOR JOSE LEVY SOBRINHO, 2100, LOJA 02 - JARDIM NEREIDE",
    "City": "LIMEIRA",
    "State": "SP",
    "Zip": "13486-190",
    "Phone": "(19) 4042-6804",
    "Whatsapp": "551940426804"
  },
  {
    "Name": "GERMANICA (SHOPPING PIRACICABA)",
    "Address": "AV LIMEIRA, 722 - AREIAO",
    "City": "PIRACICABA",
    "State": "SP",
    "Zip": "13414-018",
    "Phone": "(19) 4042-6804",
    "Whatsapp": "551940426804"
  },
  {
    "Name": "GERMANICA (SHOPPING ARARAQUARA)",
    "Address": "AV ALBERTO BENASSI, 2270 - JARDINS DOS MANACAS",
    "City": "ARARAQUARA",
    "State": "SP",
    "Zip": "14801-600",
    "Phone": "(19) 4042-6804",
    "Whatsapp": "551940426804"
  },
  {
    "Name": "GERMANICA (RIBEIRAO PRETO)",
    "Address": "RUA HUDSON, 60 - JARDIM CANADA",
    "City": "RIBEIRAO PRETO",
    "State": "SP",
    "Zip": "14024-000",
    "Phone": "(19) 4042-6804",
    "Whatsapp": "551940426804"
  },
  {
    "Name": "CAMINHO (BAURU)",
    "Address": "AV INACIO CONCEICAO VIEIRA, 13, GALPAO 2 - VILA AVIACAO",
    "City": "BAURU",
    "State": "SP",
    "Zip": "17048-011",
    "Phone": "(18) 99766-5557",
    "Whatsapp": "5518997665557"
  },
  {
    "Name": "GERMANICA (SHOPPING FRANCA)",
    "Address": "AV RIO NEGRO, 1100 - ESTACAO",
    "City": "FRANCA",
    "State": "SP",
    "Zip": "14406-005",
    "Phone": "(19) 4042-6804",
    "Whatsapp": "551940426804"
  },
  {
    "Name": "CAMINHO (S. J. RIO PRETO)",
    "Address": "AV COMENDADOR VICENTE FILIZOLA, 5062 - VILA REDENTORA",
    "City": "SAO JOSE DO RIO PRETO",
    "State": "SP",
    "Zip": "15015-450",
    "Phone": "(18) 99766-5557",
    "Whatsapp": "5518997665557"
  },
  {
    "Name": "CAMINHO (ARACATUBA)",
    "Address": "RUA ANHANGUERA, 2861 - SAUDADE",
    "City": "ARACATUBA",
    "State": "SP",
    "Zip": "16020-355",
    "Phone": "(18) 99766-5557",
    "Whatsapp": "5518997665557"
  },
  {
    "Name": "CAMINHO (PRESIDENTE PRUDENTE)",
    "Address": "AV JOAQUIM CONSTANTINO, 3961, GALPAO B - JARDIM SATELITE",
    "City": "PRESIDENTE PRUDENTE",
    "State": "SP",
    "Zip": "19063-008",
    "Phone": "(18) 99766-5557",
    "Whatsapp": "5518997665557"
  }
]